date,price,open,high,low,volume,relative_change
2024-06-30,5564.41,5473.88,5669.95,5445.66,,0.019
2024-05-31,5460.48,5297.15,5523.64,5234.32,,0.0347
2024-04-30,5277.51,5029.03,5341.88,5011.05,,0.048
2024-03-31,5035.69,5257.97,5263.95,4953.56,,-0.0416
2024-02-29,5254.35,5098.51,5264.85,5056.82,,0.031
2024-01-31,5096.27,4861.11,5111.06,4853.52,,0.0517
2023-12-31,4845.65,4745.2,4931.09,4682.11,,0.0159
2023-11-30,4769.83,4559.43,4793.3,4546.5,,0.0442
2023-10-31,4567.8,4201.27,4587.64,4197.74,,0.0892
2023-09-30,4193.8,4284.52,4393.57,4103.78,,-0.022
2023-08-31,4288.05,4530.6,4541.25,4238.63,,-0.0487
2023-07-31,4507.66,4578.83,4584.62,4335.31,,-0.0177
2023-06-30,4588.96,4450.48,4607.07,4385.05,,0.0311
2023-05-31,4450.38,4183.03,4458.48,4171.64,,0.0647
2023-04-30,4179.83,4166.79,4231.1,4048.28,,0.0025
2023-03-31,4169.48,4102.2,4170.06,4049.35,,0.0146
2023-02-28,4109.31,3963.34,4110.75,3808.86,,0.0351
2023-01-31,3970.15,4070.07,4195.44,3943.08,,-0.0261
2022-12-31,4076.6,3853.29,4094.21,3794.33,,0.0618
2022-11-30,3839.5,4087.14,4100.96,3764.49,,-0.059
2022-10-31,4080.11,3901.79,4080.11,3698.15,,0.0538
2022-09-30,3871.98,3609.78,3905.42,3491.58,,0.0799
2022-08-31,3585.62,3936.73,4119.28,3584.13,,-0.0934
2022-07-31,3955,4112.38,4325.28,3954.53,,-0.0424
2022-06-30,4130.29,3781,4140.15,3721.56,,0.0911
2022-05-31,3785.38,4149.78,4177.51,3636.87,,-0.0839
2022-04-30,4132.15,4130.61,4307.66,3810.32,,0.0001
2022-03-31,4131.93,4540.32,4593.45,4124.28,,-0.088
2022-02-28,4530.41,4363.14,4637.3,4157.87,,0.0358
2022-01-31,4373.94,4519.57,4595.31,4114.65,,-0.0314
2021-12-31,4515.55,4778.14,4818.62,4222.62,,-0.0526
2021-11-30,4766.18,4602.82,4808.93,4495.12,,0.0436
2021-10-31,4567,4610.62,4743.83,4560,,-0.0083
2021-09-30,4605.38,4317.16,4608.08,4278.94,,0.0691
2021-08-31,4307.54,4528.8,4545.85,4305.91,,-0.0476
2021-07-31,4522.68,4406.86,4537.36,4367.73,,0.029
2021-06-30,4395.26,4300.73,4429.97,4233.13,,0.0227
2021-05-31,4297.5,4216.52,4302.43,4164.4,,0.0222
2021-04-30,4204.11,4191.98,4238.04,4056.88,,0.0055
2021-03-31,4181.17,3992.78,4218.78,3992.78,,0.0524
2021-02-28,3972.89,3842.51,3994.41,3723.34,,0.0424
2021-01-31,3811.15,3731.17,3950.43,3725.62,,0.0261
2020-12-31,3714.24,3764.61,3870.9,3662.71,,-0.0111
2020-11-30,3756.07,3645.87,3760.2,3633.4,,0.0371
2020-10-31,3621.63,3296.2,3645.99,3279.74,,0.1075
2020-09-30,3269.96,3385.87,3549.85,3233.94,,-0.0277
2020-08-31,3363,3507.44,3588.11,3209.45,,-0.0392
2020-07-31,3500.31,3288.26,3514.77,3284.53,,0.0701
2020-06-30,3271.12,3105.92,3279.99,3101.17,,0.0551
2020-05-31,3100.29,3038.78,3233.13,2965.66,,0.0184
2020-04-30,3044.31,2869.09,3068.67,2766.64,,0.0453
2020-03-31,2912.43,2498.08,2954.86,2447.49,,0.1268
2020-02-29,2584.59,2974.28,3136.72,2191.86,,-0.1251
2020-01-31,2954.22,3235.66,3393.52,2855.84,,-0.0841
2019-12-31,3225.52,3244.67,3337.77,3214.64,,-0.0016
2019-11-30,3230.78,3143.85,3247.93,3070.33,,0.0286
2019-10-31,3140.98,3050.72,3154.26,3050.72,,0.034
2019-09-30,3037.56,2983.69,3050.1,2855.94,,0.0204
2019-08-31,2976.74,2909.01,3021.99,2891.85,,0.0172
2019-07-31,2926.46,2980.32,3013.59,2822.12,,-0.0181
2019-06-30,2980.38,2971.41,3027.98,2952.22,,0.0131
2019-05-31,2941.76,2751.53,2964.15,2728.81,,0.0689
2019-04-30,2752.06,2952.33,2954.13,2750.52,,-0.0658
2019-03-31,2945.83,2848.63,2949.52,2848.63,,0.0393
2019-02-28,2834.4,2798.22,2860.31,2722.27,,0.0179
2019-01-31,2784.49,2702.32,2813.49,2681.83,,0.0297
2018-12-31,2704.1,2476.96,2708.95,2443.96,,0.0787
2018-11-30,2506.85,2790.5,2800.18,2346.58,,-0.0918
2018-10-31,2760.17,2717.58,2815.15,2631.09,,0.0179
2018-09-30,2711.74,2926.29,2939.86,2603.54,,-0.0694
2018-08-31,2913.98,2896.96,2940.91,2864.12,,0.0043
2018-07-31,2901.52,2821.17,2916.5,2796.34,,0.0303
2018-06-30,2816.29,2704.95,2848.03,2698.95,,0.036
2018-05-31,2718.37,2718.7,2791.47,2691.99,,0.0048
2018-04-30,2705.27,2643.64,2742.24,2594.62,,0.0216
2018-03-31,2648.05,2633.45,2717.49,2553.8,,0.0027
2018-02-28,2640.87,2715.22,2801.9,2585.89,,-0.0269
2018-01-31,2713.83,2816.45,2835.96,2532.69,,-0.0389
2017-12-31,2823.81,2683.73,2872.87,2682.36,,0.0562
2017-11-30,2673.61,2645.1,2694.97,2605.52,,0.0098
2017-10-31,2647.58,2583.21,2657.74,2557.45,,0.0281
2017-09-30,2575.26,2521.2,2582.98,2520.4,,0.0222
2017-08-31,2519.36,2474.42,2519.44,2446.55,,0.0193
2017-07-31,2471.65,2477.1,2490.87,2417.35,,0.0005
2017-06-30,2470.3,2431.39,2484.04,2407.7,,0.0193
2017-05-31,2423.41,2415.65,2453.82,2405.7,,0.0048
2017-04-30,2411.8,2388.5,2418.71,2352.72,,0.0116
2017-03-31,2384.2,2362.34,2398.16,2328.95,,0.0091
2017-02-28,2362.72,2380.13,2400.98,2322.25,,-0.0004
2017-01-31,2363.64,2285.59,2371.54,2271.65,,0.0372
2016-12-31,2278.87,2251.57,2300.99,2245.13,,0.0179
2016-11-30,2238.83,2200.17,2277.53,2187.44,,0.0182
2016-10-31,2198.81,2128.68,2214.1,2083.79,,0.0342
2016-09-30,2126.15,2164.33,2169.6,2114.72,,-0.0194
2016-08-31,2168.27,2171.33,2187.87,2119.12,,-0.0012
2016-07-31,2170.95,2173.15,2193.81,2147.58,,-0.0012
2016-06-30,2173.6,2099.34,2177.09,2074.02,,0.0356
2016-05-31,2098.86,2093.94,2120.55,1991.68,,0.0009
2016-04-30,2096.96,2067.17,2103.48,2025.91,,0.0153
2016-03-31,2065.3,2056.62,2111.05,2033.8,,0.0027
2016-02-29,2059.74,1937.09,2072.21,1937.09,,0.066
2016-01-31,1932.23,1936.94,1962.96,1810.1,,-0.0041
2015-12-31,1940.24,2038.2,2038.2,1812.29,,-0.0507
2015-11-30,2043.94,2082.93,2104.27,1993.26,,-0.0175
2015-10-31,2080.41,2080.76,2116.48,2019.39,,0.0005
2015-09-30,2079.36,1919.65,2094.32,1893.7,,0.083
2015-08-31,1920.03,1970.09,2020.86,1871.91,,-0.0264
2015-07-31,1972.18,2104.49,2112.66,1867.01,,-0.0626
2015-06-30,2103.84,2067,2132.82,2044.02,,0.0197
2015-05-31,2063.11,2108.64,2129.87,2056.32,,-0.021
2015-04-30,2107.39,2087.38,2134.72,2067.93,,0.0105
2015-03-31,2085.51,2067.63,2125.92,2048.38,,0.0085
2015-02-28,2067.89,2105.23,2117.52,2039.69,,-0.0174
2015-01-31,2104.5,1996.67,2119.59,1980.9,,0.0549
2014-12-31,1994.99,2058.9,2072.36,1988.12,,-0.031
2014-11-30,2058.9,2065.78,2093.55,1972.56,,-0.0042
2014-10-31,2067.56,2018.21,2075.76,2001.01,,0.0245
2014-09-30,2018.05,1971.44,2018.19,1820.66,,0.0232
2014-08-31,1972.29,2004.07,2019.26,1964.04,,-0.0155
2014-07-31,2003.37,1929.8,2005.04,1904.78,,0.0377
2014-06-30,1930.67,1962.29,1991.39,1930.67,,-0.0151
2014-05-31,1960.23,1923.87,1968.17,1915.98,,0.0191
2014-04-30,1923.57,1884.39,1924.03,1859.79,,0.021
2014-03-31,1883.95,1873.96,1897.28,1814.36,,0.0062
2014-02-28,1872.34,1857.68,1883.97,1834.44,,0.0069
2014-01-31,1859.45,1782.68,1867.92,1737.92,,0.0431
2013-12-31,1782.6,1845.9,1850.8,1770.5,,-0.0356
2013-11-30,1848.4,1806.5,1849.4,1768,,0.0236
2013-10-31,1805.8,1758.7,1813.5,1746.2,,0.0281
2013-09-30,1756.5,1682.4,1775.2,1646.5,,0.0446
2013-08-31,1681.5,1636,1729.9,1633.4,,0.0297
2013-07-31,1633,1689.4,1709.7,1627.5,,-0.0313
2013-06-30,1685.7,1609.8,1698.8,1604.6,,0.0494
2013-05-31,1606.3,1631.7,1654.2,1560.3,,-0.015
2013-04-30,1630.7,1597.5,1687.2,1581.3,,0.0207
2013-03-31,1597.6,1569.2,1597.6,1536,,0.0181
2013-02-28,1569.2,1514.7,1570.3,1501.5,,0.036
2013-01-31,1514.7,1498.1,1530.9,1485,,0.0111
2012-12-31,1498.1,1426.2,1509.9,1426.2,,0.0504
2012-11-30,1426.2,1416.3,1448,1398.1,,0.0071
2012-10-31,1416.2,1412.2,1434.3,1343.3,,0.0028
2012-09-30,1412.2,1440.9,1471,1403.3,,-0.0198
2012-08-31,1440.7,1406.5,1474.5,1396.6,,0.0242
2012-07-31,1406.6,1379.3,1426.7,1354.7,,0.0198
2012-06-30,1379.3,1362.3,1391.7,1325.4,,0.0126
2012-05-31,1362.2,1309.9,1363.5,1266.7,,0.0396
2012-04-30,1310.3,1397.9,1415.3,1292,,-0.0627
2012-03-31,1397.9,1408.5,1422.4,1357.4,,-0.0075
2012-02-29,1408.5,1365.9,1419.2,1340,,0.0313
2012-01-31,1365.7,1312.5,1378,1312.5,,0.0406
2011-12-31,1312.4,1258.9,1333.5,1258.9,,0.0436
2011-11-30,1257.6,1246.9,1269.4,1202.4,,0.0085
2011-10-31,1247,1251,1277.5,1158.7,,-0.005
2011-09-30,1253.3,1131.2,1292.7,1074.8,,0.1077
2011-08-31,1131.4,1219.1,1229.3,1114.2,,-0.0718
2011-07-31,1218.9,1292.6,1307.4,1101.5,,-0.0568
2011-06-30,1292.3,1320.6,1356.5,1282.9,,-0.0214
2011-05-31,1320.6,1345.2,1345.2,1258.1,,-0.0183
2011-04-30,1345.2,1365.2,1370.6,1311.8,,-0.0135
2011-03-31,1363.6,1329.5,1364.6,1294.7,,0.0285
2011-02-28,1325.8,1328.6,1332.3,1249,,-0.0011
2011-01-31,1327.2,1289.1,1344.1,1289.1,,0.032
2010-12-31,1286.1,1257.6,1302.7,1257.6,,0.0227
2010-11-30,1257.6,1186.6,1262.6,1186.6,,0.0653
2010-10-31,1180.5,1185.7,1227.1,1173,,-0.0024
2010-09-30,1183.3,1143.5,1196.1,1131.9,,0.0369
2010-08-31,1141.2,1049.7,1157.2,1049.7,,0.0876
2010-07-31,1049.3,1107.5,1129.2,1039.7,,-0.0475
2010-06-30,1101.6,1031.1,1121,1010.9,,0.0688
2010-05-31,1030.7,1087.3,1131.2,1028.3,,-0.0539
2010-04-30,1089.4,1188.6,1205.1,1040.8,,-0.082
2010-03-31,1186.7,1171.2,1219.8,1170.7,,0.0148
2010-02-28,1169.4,1105.4,1180.7,1105.4,,0.0588
2010-01-31,1104.5,1073.9,1112.4,1044.5,,0.0285
2009-12-31,1073.9,1116.6,1150.5,1071.6,,-0.0369
2009-11-30,1115.1,1098.9,1130.4,1085.9,,0.0178
2009-10-31,1095.6,1036.2,1113.7,1029.4,,0.0573
2009-09-30,1036.2,1054.9,1101.4,1020,,-0.0198
2009-08-31,1057.1,1019.5,1080.2,992,,0.0358
2009-07-31,1020.6,990.2,1039.5,978.5,,0.0335
2009-06-30,987.5,920.8,996.7,869.3,,0.0742
2009-05-31,919.3,923.3,956.2,888.9,,0.0002
2009-04-30,919.1,872.7,930.2,866.1,,0.053
2009-03-31,872.8,793.6,888.7,783.3,,0.0939
2009-02-28,797.9,729.6,833,666.8,,0.0854
2009-01-31,735.1,823.1,875,734.5,,-0.1099
2008-12-31,825.9,903,943.9,804.3,,-0.0856
2008-11-30,903.2,888.6,918.9,815.7,,0.0078
2008-10-31,896.2,968.7,1007.5,741,,-0.0749
2008-09-30,968.8,1164.2,1167,839.8,,-0.1694
2008-08-31,1166.4,1287.8,1303,1106.4,,-0.0907
2008-07-31,1282.8,1269.4,1313.2,1247.5,,0.0122
2008-06-30,1267.4,1276.7,1292.2,1200.4,,-0.0098
2008-05-31,1280,1399.6,1404,1272,,-0.086
2008-04-30,1400.4,1386,1440.2,1373.1,,0.0107
2008-03-31,1385.6,1326.4,1404.6,1324.3,,0.0476
2008-02-29,1322.7,1330.5,1359.7,1257,,-0.0059
2008-01-31,1330.6,1378.6,1396,1316.8,,-0.0347
2007-12-31,1378.5,1468,1471.8,1270,,-0.0612
2007-11-30,1468.4,1479.6,1523.6,1435.7,,-0.0086
2007-10-31,1481.1,1545.8,1545.8,1406.1,,-0.0441
2007-09-30,1549.4,1527.3,1576.1,1489.6,,0.0148
2007-08-31,1526.8,1474,1538.7,1439.3,,0.0358
2007-07-31,1474,1455.2,1503.9,1370.6,,0.0128
2007-06-30,1455.3,1504.7,1555.9,1454.2,,-0.0319
2007-05-31,1503.3,1530.6,1540.6,1484.2,,-0.0178
2007-04-30,1530.6,1482.4,1535.6,1476.7,,0.0325
2007-03-31,1482.4,1420.8,1498,1416.4,,0.0433
2007-02-28,1420.9,1406.8,1438.9,1364,,0.01
2007-01-31,1406.8,1437.9,1461.6,1389.4,,-0.0218
2006-12-31,1438.2,1418,1441.6,1404,,0.014
2006-11-30,1418.3,1400.6,1431.8,1385.9,,0.0126
2006-10-31,1400.6,1377.8,1407.9,1361,,0.0165
2006-09-30,1377.9,1335.8,1389.5,1327.1,,0.0315
2006-08-31,1335.8,1303.8,1340.3,1290.9,,0.0245
2006-07-31,1303.8,1278.5,1306.7,1261.3,,0.0212
2006-06-30,1276.7,1270.1,1280.4,1224.5,,0.0051
2006-05-31,1270.2,1270,1290.7,1219.3,,0.0001
2006-04-30,1270.1,1310.6,1326.7,1245.3,,-0.0309
2006-03-31,1310.6,1302.9,1318.2,1280.7,,0.0122
2006-02-28,1294.8,1280.7,1310.9,1268.4,,0.011
2006-01-31,1280.7,1280.1,1297.6,1253.6,,0.0005
2005-12-31,1280.1,1248.3,1294.9,1245.7,,0.0255
2005-11-30,1248.3,1249.5,1275.8,1246.6,,-0.001
2005-10-31,1249.5,1207,1270.6,1201.1,,0.0352
2005-09-30,1207,1228.8,1233.3,1168.2,,-0.0177
2005-08-31,1228.8,1220.3,1243.1,1205.3,,0.007
2005-07-31,1220.3,1234.2,1245.9,1201.1,,-0.0113
2005-06-30,1234.2,1191.3,1245.2,1183.5,,0.036
2005-05-31,1191.3,1191.5,1219.6,1188.3,,-0.0002
2005-04-30,1191.5,1156.8,1199.6,1146.2,,0.03
2005-03-31,1156.8,1180.6,1191.9,1136.2,,-0.0202
2005-02-28,1180.6,1203.6,1229.1,1163.7,,-0.0191
2005-01-31,1203.6,1181.3,1212.4,1181,,0.0189
2004-12-31,1181.3,1211.9,1217.9,1163.8,,-0.0252
2004-11-30,1211.9,1173.8,1217.3,1173.8,,0.0325
2004-10-31,1173.8,1130.2,1188.5,1127.5,,0.0386
2004-09-30,1130.2,1114.6,1142,1090.2,,0.014
2004-08-31,1114.6,1104.2,1131.5,1099.1,,0.0094
2004-07-31,1104.2,1101.7,1109.7,1060.7,,0.0023
2004-06-30,1101.7,1140.8,1140.8,1078.8,,-0.0343
2004-05-31,1140.8,1120.7,1146.3,1113.3,,0.0179
2004-04-30,1120.7,1107.3,1127.7,1076.3,,0.0121
2004-03-31,1107.3,1126.2,1150.6,1107.2,,-0.0168
2004-02-29,1126.2,1144.9,1163.2,1087.1,,-0.0163
2004-01-31,1144.9,1131.1,1159,1124.4,,0.0122
2003-12-31,1131.1,1111.9,1155.4,1105.1,,0.0173
2003-11-30,1111.9,1058.2,1112.6,1053.4,,0.0507
2003-10-31,1058.2,1050.7,1063.7,1031.2,,0.0071
2003-09-30,1050.7,996,1053.8,996,,0.0549
2003-08-31,996,1008,1040.3,990.4,,-0.0119
2003-07-31,1008,990.3,1011,960.8,,0.0179
2003-06-30,990.3,974.5,1015.4,962.1,,0.0162
2003-05-31,974.5,963.6,1015.3,963.6,,0.0113
2003-04-30,963.6,916.9,965.4,902.8,,0.0509
2003-03-31,916.9,848.2,924.2,847.9,,0.081
2003-02-28,848.2,841.1,895.9,788.9,,0.0084
2003-01-31,841.1,855.7,864.6,806.3,,-0.0171
2002-12-31,855.7,879.8,935,840.3,,-0.0274
2002-11-30,879.8,936.3,954.3,869.5,,-0.0603
2002-10-31,936.3,885.8,941.8,872,,0.057
2002-09-30,885.8,815.3,907.4,768.6,,0.0865
2002-08-31,815.3,916.1,924,800.2,,-0.11
2002-07-31,916.1,911.6,965,833.4,,0.0049
2002-06-30,911.6,989.8,994.5,775.7,,-0.079
2002-05-31,989.8,1067.1,1070.7,952.9,,-0.0724
2002-04-30,1067.1,1076.9,1106.6,1049,,-0.0091
2002-03-31,1076.9,1146,1147.8,1063.5,,-0.0614
2002-02-28,1147.4,1108.7,1173.9,1108.7,,0.0368
2002-01-31,1106.7,1127.4,1130.2,1074.4,,-0.0208
2001-12-31,1130.2,1149,1177,1081.7,,-0.0156
2001-11-30,1148.1,1139.5,1173.6,1114.5,,0.0075
2001-10-31,1139.5,1063.1,1163.4,1054.3,,0.0752
2001-09-30,1059.8,1037.9,1110.6,1026.8,,0.0182
2001-08-31,1040.9,1133.6,1155.4,944.8,,-0.0818
2001-07-31,1133.6,1211.2,1226.3,1124.9,,-0.0641
2001-06-30,1211.2,1224.4,1239.8,1165.5,,-0.0108
2001-05-31,1224.4,1255.8,1286.6,1203,,-0.025
2001-04-30,1255.8,1249.5,1315.9,1232,,0.005
2001-03-31,1249.5,1160.3,1269.3,1092,,0.0769
2001-02-28,1160.3,1239.9,1267.4,1081.2,,-0.0642
2001-01-31,1239.9,1366,1376.4,1215.4,,-0.0923
2000-12-31,1366,1320.3,1383.4,1274.6,,0.0346
2000-11-30,1320.3,1315,1389,1254.1,,0.004
2000-10-31,1315,1429.4,1438.5,1294.9,,-0.08
2000-09-30,1429.4,1436.5,1454.8,1305.8,,-0.0049
2000-08-31,1436.5,1517.7,1530,1419.5,,-0.0535
2000-07-31,1517.7,1430.8,1525.3,1426,,0.0607
2000-06-30,1430.8,1454.6,1517.2,1414.2,,-0.0164
2000-05-31,1454.6,1420.6,1489,1420.6,,0.0239
2000-04-30,1420.6,1452.4,1481.4,1361.2,,-0.0219
2000-03-31,1452.4,1498.6,1527.1,1339.4,,-0.0308
2000-02-29,1498.6,1366.4,1553.1,1346.5,,0.0968
2000-01-31,1366.4,1394.5,1444.4,1325,,-0.0202
1999-12-31,1394.5,1469.2,1478,1350,,-0.0508
1999-11-30,1469.2,1388.9,1473.1,1387.5,,0.0578
1999-10-31,1388.9,1362.9,1425.3,1346.4,,0.0191
1999-09-30,1362.9,1282.7,1373.2,1233.7,,0.0625
1999-08-31,1282.7,1320.4,1361.3,1256.3,,-0.0286
1999-07-31,1320.4,1328.7,1382.8,1267.7,,-0.0062
1999-06-30,1328.7,1372.7,1420.3,1328.5,,-0.0321
1999-05-31,1372.7,1301.8,1372.9,1277.5,,0.0545
1999-04-30,1301.8,1335.2,1376,1277.3,,-0.025
1999-03-31,1335.2,1286.4,1371.6,1282.6,,0.0379
1999-02-28,1286.4,1238.3,1323.8,1216,,0.0388
1999-01-31,1238.3,1279.6,1283.8,1211.9,,-0.0323
1998-12-31,1279.6,1229.2,1280.4,1205.5,,0.041
1998-11-30,1229.2,1163.6,1244.9,1136.9,,0.0564
1998-10-31,1163.6,1098.7,1193,1098.7,,0.0591
1998-09-30,1098.7,1017,1103.8,923.3,,0.0803
1998-08-31,1017,957.3,1066.1,940,,0.0624
1998-07-31,957.3,1120.7,1121.8,957.3,,-0.1458
1998-06-30,1120.7,1133.8,1190.6,1114.3,,-0.0116
1998-05-31,1133.8,1090.8,1145.2,1074.7,,0.0394
1998-04-30,1090.8,1111.8,1130.5,1074.4,,-0.0189
1998-03-31,1111.8,1101.8,1133,1076.7,,0.0091
1998-02-28,1101.8,1049.3,1113.1,1030.9,,0.05
1998-01-31,1049.3,980.3,1051.7,980.3,,0.0704
1997-12-31,980.3,970.4,992.6,912.8,,0.0102
1997-11-30,970.4,955.4,986.2,924.9,,0.0157
1997-10-31,955.4,914.6,964.5,900.6,,0.0446
1997-09-30,914.6,950.9,983.1,855.3,,-0.0345
1997-08-31,947.3,899.5,960.6,899.5,,0.0531
1997-07-31,899.5,954.3,964.2,893.3,,-0.0574
1997-06-30,954.3,885.1,957.7,884.5,,0.0782
1997-05-31,885.1,848.3,902.1,838.8,,0.0434
1997-04-30,848.3,801.3,851.9,793.2,,0.0587
1997-03-31,801.3,757.1,804.1,733.5,,0.0584
1997-02-28,757.1,790.8,814.9,756.1,,-0.0426
1997-01-31,790.8,786.2,817.7,773.4,,0.0059
1996-12-31,786.2,740.7,794.7,729.5,,0.0614
1996-11-30,740.7,757,761.8,716.7,,-0.0215
1996-10-31,757,705.3,762.1,701.3,,0.0733
1996-09-30,705.3,687.3,714.1,684.4,,0.0262
1996-08-31,687.3,652,690.9,644,,0.0541
1996-07-31,652,640,670.7,639.5,,0.0188
1996-06-30,640,670.6,675.9,605.9,,-0.0456
1996-05-31,670.6,669.1,680.3,658.8,,0.0022
1996-04-30,669.1,654.2,681.1,630.1,,0.0228
1996-03-31,654.2,645.5,656.7,624.1,,0.0135
1996-02-29,645.5,640.4,657,627.6,,0.008
1996-01-31,640.4,636,664.2,633.7,,0.0069
1995-12-31,636,615.9,636.2,597.3,,0.0326
1995-11-30,615.9,605.4,622.9,605,,0.0173
1995-10-31,605.4,581.5,608.7,581,,0.0411
1995-09-30,581.5,584.4,590.7,571.5,,-0.005
1995-08-31,584.4,561.9,587.6,561,,0.04
1995-07-31,561.9,562.1,565.6,553,,-0.0004
1995-06-30,562.1,544.8,565.4,542.5,,0.0318
1995-05-31,544.8,533.4,551.1,526,,0.0214
1995-04-30,533.4,514.8,533.4,513,,0.0363
1995-03-31,514.7,500.7,515.3,500.2,,0.028
1995-02-28,500.7,487.4,508.1,479.7,,0.0273
1995-01-31,487.4,470.4,489.2,469.3,,0.0361
1994-12-31,470.4,459.2,471.4,457.2,,0.0242
1994-11-30,459.3,453.6,462.7,442.9,,0.0123
1994-10-31,453.7,472.3,472.3,444.2,,-0.0396
1994-09-30,472.4,462.7,474.7,449.3,,0.021
1994-08-31,462.7,475.5,475.5,458.5,,-0.0269
1994-07-31,475.5,458.3,477.6,456.1,,0.0375
1994-06-30,458.3,444.3,459.3,443.6,,0.0315
1994-05-31,444.3,456.5,463.2,439.8,,-0.0267
1994-04-30,456.5,450.9,457.8,440.8,,0.0124
1994-03-31,450.9,445.7,452.8,435.9,,0.0114
1994-02-28,445.8,467.2,471.1,436.2,,-0.0456
1994-01-31,467.1,481.6,482.2,464.3,,-0.0301
1993-12-31,481.6,466.5,482.9,464.4,,0.0326
1993-11-30,466.4,461.9,471.3,461.4,,0.01
1993-10-31,461.8,467.8,469.1,454.4,,-0.0128
1993-09-30,467.8,458.9,471.1,456.4,,0.0194
1993-08-31,458.9,463.6,463.8,449.6,,-0.0101
1993-07-31,463.6,448.1,463.6,446.9,,0.0346
1993-06-30,448.1,450.5,451.1,441.4,,-0.0053
1993-05-31,450.5,450.2,455.6,442.5,,0.0007
1993-04-30,450.2,440.2,454.6,436.9,,0.0227
1993-03-31,440.2,451.7,452.6,432.3,,-0.0255
1993-02-28,451.7,443.4,456.8,441.1,,0.0187
1993-01-31,443.4,438.8,450,428.2,,0.0105
1992-12-31,438.8,435.7,442.7,426.9,,0.0071
1992-11-30,435.7,431.4,442.6,428.6,,0.01
1992-10-31,431.4,418.7,431.9,415.6,,0.0303
1992-09-30,418.7,417.8,421.2,396.8,,0.0022
1992-08-31,417.8,414,425.3,412.7,,0.0092
1992-07-31,414,424.2,425.1,408.3,,-0.024
1992-06-30,424.2,408.2,424.8,407.2,,0.0395
1992-05-31,408.1,415.4,417.3,399.9,,-0.0176
1992-04-30,415.4,414.9,418.8,409.9,,0.0012
1992-03-31,414.9,403.7,416.3,392.4,,0.0277
1992-02-29,403.7,412.7,413.8,401.9,,-0.0218
1992-01-31,412.7,408.8,418.1,406.3,,0.0095
1991-12-31,408.8,417,421.2,408.6,,-0.0199
1991-11-30,417.1,375.1,418.3,371.4,,0.1117
1991-10-31,375.2,392.5,398.2,371.6,,-0.0441
1991-09-30,392.5,387.9,393.8,376.1,,0.0119
1991-08-31,387.9,395.4,397.6,382.8,,-0.019
1991-07-31,395.4,387.8,396.8,374.1,,0.0196
1991-06-30,387.8,371.2,387.8,370.9,,0.0447
1991-05-31,371.2,389.8,389.8,368,,-0.0477
1991-04-30,389.8,375.4,389.9,365.8,,0.0384
1991-03-31,375.4,375.2,391.3,370.3,,0.0005
1991-02-28,375.2,367.1,379.7,363.7,,0.0221
1991-01-31,367.1,343.9,371,340.4,,0.0675
1990-12-31,343.9,330.2,343.9,309.4,,0.0415
1990-11-30,330.2,322.2,334,322,,0.0248
1990-10-31,322.2,304,323,301.6,,0.0599
1990-09-30,304,306.1,319.7,294.5,,-0.0069
1990-08-31,306.1,322.6,326.5,296,,-0.0511
1990-07-31,322.6,356.1,357.4,306.2,,-0.0941
1990-06-30,356.1,358,369.8,350.1,,-0.0053
1990-05-31,358,361.2,368.8,351.2,,-0.0089
1990-04-30,361.2,330.8,362.3,330.8,,0.0919
1990-03-31,330.8,339.9,347.3,327.8,,-0.0268
1990-02-28,339.9,331.9,344.5,331.1,,0.0241
1990-01-31,331.9,329.1,336.1,322.1,,0.0085
1989-12-31,329.1,353.4,360.6,319.8,,-0.0688
1989-11-30,353.4,346,354.1,339.6,,0.0214
1989-10-31,346,340.4,346.5,330.9,,0.0165
1989-09-30,340.4,349.1,360.4,327.1,,-0.0249
1989-08-31,349.1,351.4,354.1,341.4,,-0.0065
1989-07-31,351.4,346.1,352.7,339,,0.0153
1989-06-30,346.1,318,346.1,317.3,,0.0884
1989-05-31,318,320.5,329.2,314.4,,-0.0078
1989-04-30,320.5,309.6,323.1,304.1,,0.0352
1989-03-31,309.6,294.9,310.4,294.4,,0.0498
1989-02-28,294.9,288.9,300,286.5,,0.0208
1989-01-31,288.9,297.5,300.6,286.3,,-0.0289
1988-12-31,297.5,277.7,297.5,273.8,,0.0713
1988-11-30,277.7,273.7,280.4,270.5,,0.0146
1988-10-31,273.7,279,280.4,262.9,,-0.019
1988-09-30,279,271.9,283.9,268.8,,0.0261
1988-08-31,271.9,261.5,274.9,257,,0.0398
1988-07-31,261.5,272,274.2,256.5,,-0.0386
1988-06-30,272,273.5,276.4,262.5,,-0.0055
1988-05-31,273.5,262.2,276.9,262.1,,0.0431
1988-04-30,262.2,261.3,263.7,248.8,,0.0034
1988-03-31,261.3,258.9,272.1,254.7,,0.0093
1988-02-29,258.9,267.8,272.6,256.1,,-0.0332
1988-01-31,267.8,257.1,267.8,247.8,,0.0416
1987-12-31,257.1,247.1,261.8,240.2,,0.0405
1987-11-30,247.1,230.3,253.3,221.2,,0.0729
1987-10-31,230.3,251.8,257.2,225.8,,-0.0854
1987-09-30,251.8,321.8,328.9,216.5,,-0.2175
1987-08-31,321.8,329.8,332.2,308.6,,-0.0243
1987-07-31,329.8,318.7,337.9,314.5,,0.0348
1987-06-30,318.7,304,318.9,302.5,,0.0484
1987-05-31,304,290.1,310.3,286.9,,0.0479
1987-04-30,290.1,288.4,298.7,277,,0.0059
1987-03-31,288.4,291.7,303.6,275.7,,-0.0113
1987-02-28,291.7,284.2,302.7,282.3,,0.0264
1987-01-31,284.2,274.1,287.6,273.2,,0.0368
1986-12-31,274.1,242.2,281,242.2,,0.1317
1986-11-30,242.2,249.2,254.9,241.3,,-0.0281
1986-10-31,249.2,244,249.2,235.5,,0.0213
1986-09-30,244,231.3,244.5,231.3,,0.0549
1986-08-31,231.3,252.9,254.1,228.1,,-0.0854
1986-07-31,252.9,236.1,254.2,231.9,,0.0712
1986-06-30,236.1,250.8,253.2,233.1,,-0.0586
1986-05-31,250.8,247.3,251.8,238.2,,0.0142
1986-04-30,247.3,235.5,249.2,232.3,,0.0501
1986-03-31,235.5,238.9,245.5,226.3,,-0.0142
1986-02-28,238.9,226.9,240.1,222.2,,0.0529
1986-01-31,226.9,211.8,227.9,210.8,,0.0713
1985-12-31,211.8,211.3,214.6,202.6,,0.0024
1985-11-30,211.3,202.2,213.1,200.1,,0.045
1985-10-31,202.2,189.8,203.4,189.4,,0.0653
1985-09-30,189.8,182.1,190.2,181.2,,0.0423
1985-08-31,182.1,188.6,188.8,179.4,,-0.0345
1985-07-31,188.6,190.9,192.2,186.1,,-0.012
1985-06-30,190.9,191.8,196.1,189.3,,-0.0047
1985-05-31,191.8,189.6,191.8,185,,0.0116
1985-04-30,189.6,179.8,190,178.3,,0.0545
1985-03-31,179.8,180.7,183.6,177.9,,-0.005
1985-02-28,180.7,181.2,183.9,176.5,,-0.0028
1985-01-31,181.2,179.6,183.9,177.8,,0.0089
1984-12-31,179.6,167.2,180.3,163.4,,0.0742
1984-11-30,167.2,163.6,169,161.5,,0.022
1984-10-31,163.6,166.1,170.4,163,,-0.0151
1984-09-30,166.1,166.1,169.6,160,,0
1984-08-31,166.1,166.7,169.7,163.1,,-0.0036
1984-07-31,166.7,150.7,168.8,150.7,,0.1062
1984-06-30,150.7,153.2,153.9,147.3,,-0.0163
1984-05-31,153.2,150.6,155.6,148.5,,0.0173
1984-04-30,150.6,160.1,162.1,148.7,,-0.0593
1984-03-31,160.1,159.2,160.7,154.1,,0.0057
1984-02-29,159.2,157.1,160.5,153.8,,0.0134
1984-01-31,157.1,163.4,164,152.1,,-0.0386
1983-12-31,163.4,164.9,169.5,162,,-0.0091
1983-11-30,164.9,166.4,167.8,160.6,,-0.009
1983-10-31,166.4,163.6,169.1,160.6,,0.0171
1983-09-30,163.6,166.1,173.1,162,,-0.0151
1983-08-31,166.1,164.4,171.6,162.8,,0.0103
1983-07-31,164.4,162.6,166.7,157.6,,0.0111
1983-06-30,162.6,168.1,171.7,160.6,,-0.0327
1983-05-31,168.1,162.4,172.8,160,,0.0351
1983-04-30,162.4,164.4,167.7,159.7,,-0.0122
1983-03-31,164.4,153,165.4,149.5,,0.0745
1983-02-28,153,148.1,156.4,144.8,,0.0331
1983-01-31,148.1,145.3,151.8,141,,0.0193
1982-12-31,145.3,140.6,149.1,137.3,,0.0334
1982-11-30,140.6,138.5,144.7,133.8,,0.0152
1982-10-31,138.5,133.7,145.3,132.1,,0.0359
1982-09-30,133.7,120.4,141.4,119.1,,0.1105
1982-08-31,120.4,120,127.3,117.2,,0.0075
1982-07-31,119.5,108.2,121.2,101.4,,0.1158
1982-06-30,107.1,109.5,113.1,105.1,,-0.0228
1982-05-31,109.6,112,113.1,106.3,,-0.0206
1982-04-30,111.9,116,120.6,111.2,,-0.0387
1982-03-31,116.4,112.2,120.1,111.5,,0.0393
1982-02-28,112,113.4,114.8,106.2,,-0.0097
1982-01-31,113.1,118.7,119.8,110,,-0.0606
1981-12-31,120.4,122.6,123.7,113.6,,-0.0179
1981-11-30,122.6,125.7,127.3,121,,-0.0293
1981-10-31,126.3,123.5,127,119.1,,0.0361
1981-09-30,121.9,115.8,123.3,115,,0.0491
1981-08-31,116.2,122.8,124.6,110.2,,-0.0537
1981-07-31,122.8,130.7,135.2,122.3,,-0.0619
1981-06-30,130.9,130.7,131.8,126,,-0.0023
1981-05-31,131.2,133.3,135.7,128.8,,-0.0106
1981-04-30,132.6,133.1,134.9,128.8,,-0.0015
1981-03-31,132.8,136.4,137.7,131.6,,-0.0235
1981-02-28,136,131.1,138.4,128.6,,0.0358
1981-01-31,131.3,128.9,132,124.7,,0.0131
1980-12-31,129.6,135.7,140.3,128.6,,-0.0457
1980-11-30,135.8,139.6,140.7,125.3,,-0.0335
1980-10-31,140.5,128,142,127.2,,0.102
1980-09-30,127.5,125.7,135.9,124.3,,0.0159
1980-08-31,125.5,122.4,132.2,121.8,,0.0253
1980-07-31,122.4,121.4,127.8,119.4,,0.0058
1980-06-30,121.7,114.1,123.9,113.5,,0.0657
1980-05-31,114.2,110.9,118,109.8,,0.027
1980-04-30,111.2,107.9,112.7,103.5,,0.0461
1980-03-31,106.3,106.3,106.8,98.9,,0.0411
1980-02-29,102.1,102.1,114.3,94.2,,-0.102
1980-01-31,113.7,115.4,120.2,111.3,,-0.0044
1979-12-31,114.2,107.9,117.2,103.3,,0.0584
1979-11-30,107.9,107.9,110.3,105.1,,0.016
1979-10-31,106.2,106.2,107.9,99.4,,0.0432
1979-09-30,101.8,101.8,112.2,99.1,,-0.0686
1979-08-31,109.3,109.1,111.6,105.4,,0
1979-07-31,109.3,103.8,109.8,103.1,,0.053
1979-06-30,103.8,102.6,105.2,100.3,,0.0087
1979-05-31,102.9,99.1,103.7,98.6,,0.0383
1979-04-30,99.1,101.8,102.6,97.5,,-0.0265
1979-03-31,101.8,101.1,103.9,100.1,,0.002
1979-02-28,101.6,96.4,103.3,96,,0.055
1979-01-31,96.3,99.5,100.5,95.4,,-0.036
1978-12-31,99.9,95.8,102.6,95.2,,0.0395
1978-11-30,96.1,95.6,98.6,92.6,,0.0148
1978-10-31,94.7,94.6,97.4,91.8,,0.0161
1978-09-30,93.2,102.3,106.2,91.7,,-0.0907
1978-08-31,102.5,103.2,108.1,100.7,,-0.0077
1978-07-31,103.3,100.9,106.3,99.9,,0.0258
1978-06-30,100.7,95.2,101.2,93.6,,0.0545
1978-05-31,95.5,97.3,101.8,94,,-0.0175
1978-04-30,97.2,96.9,100.3,94.6,,0.0041
1978-03-31,96.8,88.8,97.9,88.1,,0.0852
1978-02-28,89.2,86.7,91.3,86.4,,0.0253
1978-01-31,87,89.3,91.3,86.6,,-0.0247
1977-12-31,89.2,94.7,95.2,88,,-0.062
1977-11-30,95.1,95.1,95.7,91.8,,0.0032
1977-10-31,94.8,94.8,97.1,90,,0.0271
1977-09-30,92.3,92.3,97.3,90.2,,-0.0435
1977-08-31,96.5,96.5,98.4,94.4,,-0.0031
1977-07-31,96.8,96.8,99.8,95,,-0.0202
1977-06-30,98.8,98.8,102.6,97.7,,-0.0169
1977-05-31,100.5,100.5,101.7,95.9,,0.0458
1977-04-30,96.1,96.1,100.9,95.5,,-0.0234
1977-03-31,98.4,98.4,102.1,96.5,,0
1977-02-28,98.4,98.4,102.7,97.8,,-0.014
1977-01-31,99.8,99.8,103.3,98.8,,-0.0216
1976-12-31,102,102,108,100.9,,-0.0512
1976-11-30,107.5,107.5,107.8,101.6,,0.0529
1976-10-31,102.1,102.1,103.8,98.2,,-0.0078
1976-09-30,102.9,102.9,105.8,99.2,,-0.0219
1976-08-31,105.2,105.2,108.7,102.6,,0.0224
1976-07-31,102.9,102.9,105.4,100.4,,-0.0048
1976-06-30,103.4,103.4,106.8,102.3,,-0.0086
1976-05-31,104.3,104.3,105.1,98,,0.0409
1976-04-30,100.2,100.2,104,98.3,,-0.0138
1976-03-31,101.6,101.6,104.6,99.6,,-0.0117
1976-02-29,102.8,102.8,104.4,98.2,,0.0311
1976-01-31,99.7,99.7,103.1,98.5,,-0.0119
1975-12-31,100.9,100.9,102,89.8,,0.1186
1975-11-30,90.2,90.2,91.9,86.2,,-0.011
1975-10-31,91.2,91.2,92.3,87.6,,0.0247
1975-09-30,89,89,91.8,82.6,,0.0608
1975-08-31,83.9,83.9,87.4,81.6,,-0.0345
1975-07-31,86.9,86.9,89,82.2,,-0.0214
1975-06-30,88.8,88.8,96.6,87.7,,-0.0672
1975-05-31,95.2,95.2,95.8,89.3,,0.0439
1975-04-30,91.2,91.2,93.5,86.9,,0.0447
1975-03-31,87.3,87.3,88.8,79.7,,0.0468
1975-02-28,83.4,83.4,87.1,80.1,,0.0221
1975-01-31,81.6,81.6,83.6,76,,0.0597
1974-12-31,77,77,78.7,68.7,,0.1224
1974-11-30,68.6,68.6,68.6,68.6,,-0.02
1974-10-31,70,70,70,70,,-0.0528
1974-09-30,73.9,73.9,73.9,73.9,,0.1638
1974-08-31,63.5,63.5,63.5,63.5,,-0.1205
1974-07-31,72.2,72.2,72.2,72.2,,-0.0895
1974-06-30,79.3,79.3,79.3,79.3,,-0.0779
1974-05-31,86,86,86,86,,-0.0149
1974-04-30,87.3,87.3,87.3,87.3,,-0.0332
1974-03-31,90.3,90.3,90.3,90.3,,-0.0394
1974-02-28,94,94,94,94,,-0.0229
1974-01-31,96.2,96.2,96.2,96.2,,-0.0041
1973-12-31,96.6,96.6,96.6,96.6,,-0.0092
1973-11-30,97.5,97.5,97.5,97.5,,0.0156
1973-10-31,96,96,96,96,,-0.1136
1973-09-30,108.3,108.3,108.3,108.3,,-0.0009
1973-08-31,108.4,108.4,108.4,108.4,,0.0403
1973-07-31,104.2,104.2,104.2,104.2,,-0.037
1973-06-30,108.2,108.2,108.2,108.2,,0.0374
1973-05-31,104.3,104.3,104.3,104.3,,-0.0067
1973-04-30,105,105,105,105,,-0.0187
1973-03-31,107,107,107,107,,-0.0404
1973-02-28,111.5,111.5,111.5,111.5,,-0.0018
1973-01-31,111.7,111.7,111.7,111.7,,-0.0371
1972-12-31,116,116,116,116,,-0.0169
1972-11-30,118,118,118,118,,0.0111
1972-10-31,116.7,116.7,116.7,116.7,,0.0457
1972-09-30,111.6,111.6,111.6,111.6,,0.01
1972-08-31,110.5,110.5,110.5,110.5,,-0.0054
1972-07-31,111.1,111.1,111.1,111.1,,0.0345
1972-06-30,107.4,107.4,107.4,107.4,,0.0028
1972-05-31,107.1,107.1,107.1,107.1,,-0.0219
1972-04-30,109.5,109.5,109.5,109.5,,0.0167
1972-03-31,107.7,107.7,107.7,107.7,,0.0047
1972-02-29,107.2,107.2,107.2,107.2,,0.0056
1972-01-31,106.6,106.6,106.6,106.6,,0.026
1971-12-31,103.9,103.9,103.9,103.9,,0.0176
1971-11-30,102.1,102.1,102.1,102.1,,0.0862
1971-10-31,94,94,94,94,,-0.0021
1971-09-30,94.2,94.2,94.2,94.2,,-0.0417
1971-08-31,98.3,98.3,98.3,98.3,,-0.0071
1971-07-31,99,99,99,99,,0.0356
1971-06-30,95.6,95.6,95.6,95.6,,-0.0411
1971-05-31,99.7,99.7,99.7,99.7,,0.001
1971-04-30,99.6,99.6,99.6,99.6,,-0.0423
1971-03-31,104,104,104,104,,0.0369
1971-02-28,100.3,100.3,100.3,100.3,,0.0362
1971-01-31,96.8,96.8,96.8,96.8,,0.0094
1970-12-31,95.9,95.9,95.9,95.9,,0.0401
1970-11-30,92.2,92.2,92.2,92.2,,0.0573
1970-10-31,87.2,87.2,87.2,87.2,,0.0481
1970-09-30,83.2,83.2,83.2,83.2,,-0.0119
1970-08-31,84.2,84.2,84.2,84.2,,0.0331
1970-07-31,81.5,81.5,81.5,81.5,,0.0449
1970-06-30,78,78,78,78,,0.0729
1970-05-31,72.7,72.7,72.7,72.7,,-0.0497
1970-04-30,76.5,76.5,76.5,76.5,,-0.0613
1970-03-31,81.5,81.5,81.5,81.5,,-0.0904
1970-02-28,89.6,89.6,89.6,89.6,,0.0011
1970-01-31,89.5,89.5,89.5,89.5,,0.0529
